trial,lag,T1_pos,T2_pos,thisN,thisTrialN,thisRepN,T1_target,T2_target,textbox1.text,textbox2.text,button.numClicks,button.timesOn,button.timesOff,trials.thisRepN,trials.thisTrialN,trials.thisN,trials.thisIndex,thisRow.t,notes,instructions.started,instruction.started,key_resp1.started,instructions.stopped,key_resp1.keys,key_resp1.rt,key_resp1.duration,trial.started,fixation.started,trial.stopped,rsvp.started,stream_text.started,rsvp.stopped,trials.T1_target,trials.T2_target,response.started,text.started,textbox1.started,textbox2.started,text.stopped,button.started,response.stopped,trials.textbox1.text,trials.textbox2.text,trials.button.numClicks,trials.button.timesOn,trials.button.timesOff,fixation.stopped,thank_you.started,text_2.started,key_resp.started,thank_you.stopped,key_resp.keys,key_resp.rt,key_resp.duration,participant,session,date,expName,expVersion,psychopyVersion,frameRate,expStart
,,,,,,,,,,,,,,,,,,,,0.0181966,0.0362858,0.0362858,1.2875331,space,1.2297753,None,,,,,,,,,,,,,,,,,,,,,,,,,,,,,p5,1,2025-11-23_20h42.17.638,untitled,,2025.1.1,59.32141052,2025-11-23 20h42.25.415404 +0530
1,2,4,6,0,0,0,7,3,7,3,1,[3.6452759000239894],[3.6452951000537723],0,0,0,0,1.3332872,,,,,,,,,1.3168974,1.3332872,1.8011186,1.8012803,1.8323471,3.2165069,7,3,3.2183317,3.2326786,4.4655855,4.4655855,4.4966039,4.5650245,8.210939,7,3,1,[3.6452759000239894],[3.6452951000537723],,,,,,,,,p5,1,2025-11-23_20h42.17.638,untitled,,2025.1.1,59.32141052,2025-11-23 20h42.25.415404 +0530
2,3,4,7,1,1,0,8,5,8,5,1,[5.429192000068724],[5.429208200075664],0,1,1,1,8.2279414,,,,,,,,,8.2115336,8.2279414,8.7109723,8.7110838,8.7270285,10.1428406,8,5,10.1438287,10.159167,11.3727729,11.3727729,11.406251,11.4892542,16.9190746,8,5,1,[5.429192000068724],[5.429208200075664],8.7270285,,,,,,,,p5,1,2025-11-23_20h42.17.638,untitled,,2025.1.1,59.32141052,2025-11-23 20h42.25.415404 +0530
3,5,4,9,2,2,0,1,8,1,8,1,[3.2974094999954104],[3.297420100076124],0,2,2,2,16.9360296,,,,,,,,,16.9195932,16.9360296,17.4191214,17.4192383,17.4344719,18.8513336,1,8,18.8523318,18.8673269,20.0816656,20.0816656,20.0816656,20.1810654,23.4789489,1,8,1,[3.2974094999954104],[3.297420100076124],17.4344719,,,,,,,,p5,1,2025-11-23_20h42.17.638,untitled,,2025.1.1,59.32141052,2025-11-23 20h42.25.415404 +0530
4,8,4,12,3,3,0,7,4,7,6,1,[3.24802069994621],[3.2480339999310672],0,3,3,3,23.4956156,,,,,,,,,23.4793255,23.4956156,23.978807,23.9789209,23.9955893,25.4111171,7,4,25.4121165,25.4273242,26.6413689,26.6413689,26.6747199,26.7412971,29.9898186,7,6,1,[3.24802069994621],[3.2480339999310672],23.9955893,,,,,,,,p5,1,2025-11-23_20h42.17.638,untitled,,2025.1.1,59.32141052,2025-11-23 20h42.25.415404 +0530
5,2,5,7,4,4,0,3,9,3,9,1,[2.9139650999568403],[2.913981599966064],0,4,4,4,30.0058792,,,,,,,,,29.9902029,30.0058792,30.4891581,30.4892715,30.5053464,31.9209975,3,9,31.9220012,31.9372961,33.1515642,33.1515642,33.1848262,33.2520629,36.1667169,3,9,1,[2.9139650999568403],[2.913981599966064],30.5053464,,,,,,,,p5,1,2025-11-23_20h42.17.638,untitled,,2025.1.1,59.32141052,2025-11-23 20h42.25.415404 +0530
6,3,5,8,5,5,0,6,4,6,5,1,[7.460373800015077],[7.460391900036484],0,5,5,5,36.18327,,,,,,,,,36.1672497,36.18327,36.6665664,36.6666831,36.6823513,38.0977442,6,4,38.0985546,38.1148586,39.3116962,39.3116962,39.3449988,39.4452659,46.9063231,6,5,1,[7.460373800015077],[7.460391900036484],36.6823513,,,,,,,,p5,1,2025-11-23_20h42.17.638,untitled,,2025.1.1,59.32141052,2025-11-23 20h42.25.415404 +0530
7,5,5,10,6,6,0,5,1,5,1,1,[3.7319209000561386],[3.731939399964176],0,6,6,6,46.9237281,,,,,,,,,46.9067817,46.9237281,47.4224745,47.4225985,47.4394873,48.8382829,5,1,48.8391419,48.8544756,50.0678159,50.0678159,50.1013264,50.1682175,53.900785,5,1,1,[3.7319209000561386],[3.731939399964176],,,,,,,,,p5,1,2025-11-23_20h42.17.638,untitled,,2025.1.1,59.32141052,2025-11-23 20h42.25.415404 +0530
8,8,5,13,7,7,0,6,7,6,7,1,[4.3301281000021845],[4.330144800012931],0,7,7,7,53.9157128,,,,,,,,,53.9012961,53.9157128,54.3994299,54.3995438,54.4150993,55.8318351,6,7,55.8332748,55.8476582,57.0609437,57.0609437,57.094938,57.1614772,61.4922531,6,7,1,[4.3301281000021845],[4.330144800012931],54.4150993,,,,,,,,p5,1,2025-11-23_20h42.17.638,untitled,,2025.1.1,59.32141052,2025-11-23 20h42.25.415404 +0530
1,2,4,6,8,0,1,2,2,2,3,1,[3.7304516000440344],[3.730462300009094],1,0,8,0,61.5085021,,,,,,,,,61.4927709,61.5085021,61.9918655,61.9920228,62.0077447,63.4229984,2,2,63.4240016,63.4393837,64.65357,64.65357,64.65357,64.7529299,68.4838854,2,3,1,[3.7304516000440344],[3.730462300009094],62.0077447,,,,,,,,p5,1,2025-11-23_20h42.17.638,untitled,,2025.1.1,59.32141052,2025-11-23 20h42.25.415404 +0530
2,3,4,7,9,1,1,8,1,8,1,1,[3.3823164000641555],[3.3823341000825167],1,1,9,1,68.5007082,,,,,,,,,68.4842672,68.5007082,68.9841967,68.9843091,69.0003221,70.4169617,8,1,70.4181893,70.4325751,71.6472498,71.6472498,71.6472498,71.7469547,75.1299327,8,1,1,[3.3823164000641555],[3.3823341000825167],69.0003221,,,,,,,,p5,1,2025-11-23_20h42.17.638,untitled,,2025.1.1,59.32141052,2025-11-23 20h42.25.415404 +0530
3,5,4,9,10,2,1,3,4,3,4,1,[3.597866900032386],[3.5978811000240967],1,2,10,2,75.145217,,,,,,,,,75.1303944,75.145217,75.6445154,75.6446606,75.6611339,77.0579208,3,4,77.0586151,77.07411,78.2738024,78.2738024,78.3068495,78.3734355,81.9718333,3,4,1,[3.597866900032386],[3.5978811000240967],,,,,,,,,p5,1,2025-11-23_20h42.17.638,untitled,,2025.1.1,59.32141052,2025-11-23 20h42.25.415404 +0530
4,8,4,12,11,3,1,6,2,6,2,1,[4.347277899971232],[4.347294099978171],1,3,11,3,81.9876825,,,,,,,,,81.9722216,81.9876825,82.471368,82.4715088,82.4870056,83.9031011,6,2,83.9040801,83.9192679,85.1332656,85.1332656,85.1332656,85.2332089,89.5811325,6,2,1,[4.347277899971232],[4.347294099978171],82.4870056,,,,,,,,p5,1,2025-11-23_20h42.17.638,untitled,,2025.1.1,59.32141052,2025-11-23 20h42.25.415404 +0530
5,2,5,7,12,4,1,6,1,6,1,1,[4.813750499975868],[4.813765100087039],1,4,12,4,89.596997,,,,,,,,,89.5816402,89.596997,90.0802582,90.0804039,90.0962136,91.5122083,6,1,91.5131832,91.5280338,92.7419461,92.7419461,92.7419461,92.8416449,97.655986,6,1,1,[4.813750499975868],[4.813765100087039],90.0962136,,,,,,,,p5,1,2025-11-23_20h42.17.638,untitled,,2025.1.1,59.32141052,2025-11-23 20h42.25.415404 +0530
6,3,5,8,13,5,1,7,8,7,8,1,[4.2967800999758765],[4.296796399983577],1,5,13,5,97.6720722,,,,,,,,,97.6563872,97.6720722,98.1556178,98.1557308,98.1717514,99.5872917,7,8,99.5882686,99.6036586,100.8010155,100.8010155,100.8341288,100.9505764,105.248094,7,8,1,[4.2967800999758765],[4.296796399983577],98.1717514,,,,,,,,p5,1,2025-11-23_20h42.17.638,untitled,,2025.1.1,59.32141052,2025-11-23 20h42.25.415404 +0530
7,5,5,10,14,6,1,5,7,5,7,1,[3.8133367999689654],[3.8133524999720976],1,6,14,6,105.2648819,,,,,,,,,105.2486244,105.2648819,105.7480509,105.7481632,105.7639261,107.1801832,5,7,107.180981,107.1968128,108.4102251,108.4102251,108.4430653,108.5102077,112.3240858,5,7,1,[3.8133367999689654],[3.8133524999720976],105.7639261,,,,,,,,p5,1,2025-11-23_20h42.17.638,untitled,,2025.1.1,59.32141052,2025-11-23 20h42.25.415404 +0530
8,8,5,13,15,7,1,8,7,8,5,1,[4.513247800059617],[4.513264000066556],1,7,15,7,112.3411002,,,,,,,,,112.3244639,112.3411002,112.8241889,112.82431,112.8405479,114.2563712,8,7,114.2573749,114.2726092,115.4865003,115.4865003,115.5197831,115.5857712,120.0996987,8,5,1,[4.513247800059617],[4.513264000066556],112.8405479,,,,,,,,p5,1,2025-11-23_20h42.17.638,untitled,,2025.1.1,59.32141052,2025-11-23 20h42.25.415404 +0530
1,2,4,6,16,0,2,4,6,4,7,1,[5.346378599992022],[5.3463894000742584],2,0,16,0,120.1169299,,,,,,,,,120.1002136,120.1169299,120.5998491,120.5999664,120.6163066,122.0318503,4,6,122.0328821,122.0482073,123.2621577,123.2621577,123.2954066,123.3620332,128.7089315,4,7,1,[5.346378599992022],[5.3463894000742584],120.6163066,,,,,,,,p5,1,2025-11-23_20h42.17.638,untitled,,2025.1.1,59.32141052,2025-11-23 20h42.25.415404 +0530
2,3,4,7,17,1,2,8,3,8,3,1,[3.13188830006402],[3.1318988000275567],2,1,17,1,128.7247342,,,,,,,,,128.7093015,128.7247342,129.2085965,129.208709,129.2242053,130.6401853,8,3,130.6411641,130.655921,131.8702447,131.8702447,131.8702447,131.9701434,135.1025415,8,3,1,[3.13188830006402],[3.1318988000275567],129.2242053,,,,,,,,p5,1,2025-11-23_20h42.17.638,untitled,,2025.1.1,59.32141052,2025-11-23 20h42.25.415404 +0530
3,5,4,9,18,2,2,9,2,9,7,1,[2.7655209999065846],[2.7655370999127626],2,2,18,2,135.1188439,,,,,,,,,135.1029274,135.1188439,135.6018678,135.6019823,135.6177315,137.0338275,9,2,137.0348246,137.0502174,138.2639439,138.2639439,138.2639439,138.3634662,141.129664,9,7,1,[2.7655209999065846],[2.7655370999127626],135.6177315,,,,,,,,p5,1,2025-11-23_20h42.17.638,untitled,,2025.1.1,59.32141052,2025-11-23 20h42.25.415404 +0530
4,8,4,12,19,3,2,3,3,3,3,1,[3.1974989000009373],[3.1975103999720886],2,3,19,3,141.145849,,,,,,,,,141.1301653,141.145849,141.6293148,141.6294556,141.6454886,143.0610719,3,3,143.0620522,143.0773119,144.2913735,144.2913735,144.3245948,144.4075486,147.6055748,3,3,1,[3.1974989000009373],[3.1975103999720886],141.6454886,,,,,,,,p5,1,2025-11-23_20h42.17.638,untitled,,2025.1.1,59.32141052,2025-11-23 20h42.25.415404 +0530
5,2,5,7,20,4,2,1,5,1,7,1,[2.714120600023307],[2.714136500027962],2,4,20,4,147.6224285,,,,,,,,,147.6059436,147.6224285,148.10549,148.1055837,148.1221617,149.5384102,1,5,149.5393729,149.5545382,150.7681916,150.7681916,150.801455,150.8682715,153.5830994,1,7,1,[2.714120600023307],[2.714136500027962],148.1221617,,,,,,,,p5,1,2025-11-23_20h42.17.638,untitled,,2025.1.1,59.32141052,2025-11-23 20h42.25.415404 +0530
6,3,5,8,21,5,2,1,2,1,2,1,[2.7306087999604642],[2.730619099922478],2,5,21,5,153.6000855,,,,,,,,,153.5836458,153.6000855,154.0836045,154.0837188,154.0992229,155.5157371,1,2,155.5167097,155.531741,156.7451658,156.7451658,156.7783257,156.8454573,159.5766246,1,2,1,[2.7306087999604642],[2.730619099922478],154.0992229,,,,,,,,p5,1,2025-11-23_20h42.17.638,untitled,,2025.1.1,59.32141052,2025-11-23 20h42.25.415404 +0530
7,5,5,10,22,6,2,2,4,2,4,1,[4.679629700025544],[4.679645600030199],2,6,22,6,159.5941599,,,,,,,,,159.5770083,159.5941599,160.0774021,160.0775361,160.0938015,161.5097862,2,4,161.5107573,161.5258238,162.7392702,162.7392702,162.7728932,162.8391761,167.5194915,2,4,1,[4.679629700025544],[4.679645600030199],,,,,,,,,p5,1,2025-11-23_20h42.17.638,untitled,,2025.1.1,59.32141052,2025-11-23 20h42.25.415404 +0530
8,8,5,13,23,7,2,4,9,4,8,1,[4.01414320000913],[4.014153999974951],2,7,23,7,167.5362004,,,,,,,,,167.5200014,167.5362004,168.0198284,168.0200233,168.0354227,169.4511627,4,9,169.4521418,169.4678932,170.6817962,170.6817962,170.7150631,170.7816549,174.7963327,4,8,1,[4.01414320000913],[4.014153999974951],,,,,,,,,p5,1,2025-11-23_20h42.17.638,untitled,,2025.1.1,59.32141052,2025-11-23 20h42.25.415404 +0530
1,2,4,6,24,0,3,7,1,1,7,1,[3.4148316000355408],[3.414847500040196],3,0,24,0,174.8119448,,,,,,,,,174.7967101,174.8119448,175.2958868,175.2959922,175.3118628,176.7276761,7,1,176.7286217,176.7438151,177.9574953,177.9574953,177.9907218,178.0578777,181.4734239,1,7,1,[3.4148316000355408],[3.414847500040196],175.3118628,,,,,,,,p5,1,2025-11-23_20h42.17.638,untitled,,2025.1.1,59.32141052,2025-11-23 20h42.25.415404 +0530
2,3,4,7,25,1,3,7,3,7,3,1,[4.197769599966705],[4.1977864999789745],3,1,25,1,181.4892619,,,,,,,,,181.4739405,181.4892619,181.9724723,181.9725867,181.9888396,183.4046704,7,3,183.4056397,183.4198755,184.6347399,184.6347399,184.6347399,184.7342273,188.9327056,7,3,1,[4.197769599966705],[4.1977864999789745],181.9888396,,,,,,,,p5,1,2025-11-23_20h42.17.638,untitled,,2025.1.1,59.32141052,2025-11-23 20h42.25.415404 +0530
3,5,4,9,26,2,3,1,4,5,7,1,[7.077313799993135],[7.077325699967332],3,2,26,2,188.9484687,,,,,,,,,188.9332399,188.9484687,189.4319533,189.4320709,189.4477861,190.8640453,1,4,190.8650064,190.8798664,192.0938236,192.0938236,192.1271136,192.1934597,199.2713441,5,7,1,[7.077313799993135],[7.077325699967332],189.4477861,,,,,,,,p5,1,2025-11-23_20h42.17.638,untitled,,2025.1.1,59.32141052,2025-11-23 20h42.25.415404 +0530
4,8,4,12,27,3,3,4,1,4,1,1,[3.930475000059232],[3.9304910000646487],3,3,27,3,199.2879897,,,,,,,,,199.2717235,199.2879897,199.7716861,199.7718025,199.7867959,201.2030104,4,1,201.2039909,201.219546,202.4331695,202.4331695,202.4331695,202.5330809,206.4643016,4,1,1,[3.930475000059232],[3.9304910000646487],199.7867959,,,,,,,,p5,1,2025-11-23_20h42.17.638,untitled,,2025.1.1,59.32141052,2025-11-23 20h42.25.415404 +0530
5,2,5,7,28,4,3,7,4,7,4,1,[3.0147345000877976],[3.014744900050573],3,4,28,4,206.4810689,,,,,,,,,206.4648276,206.4810689,206.9645307,206.9646526,206.9809489,208.3962702,7,4,208.3972367,208.4123478,209.6264429,209.6264429,209.6596523,209.7262758,212.7415751,7,4,1,[3.0147345000877976],[3.014744900050573],206.9809489,,,,,,,,p5,1,2025-11-23_20h42.17.638,untitled,,2025.1.1,59.32141052,2025-11-23 20h42.25.415404 +0530
6,3,5,8,29,5,3,9,4,9,3,1,[3.397199200000614],[3.3972147000022233],3,5,29,5,212.7582414,,,,,,,,,212.7419459,212.7582414,213.2415654,213.2416782,213.2577762,214.673708,9,4,214.6746748,214.6891781,215.9035048,215.9035048,215.9035048,216.003554,219.4014826,9,3,1,[3.397199200000614],[3.3972147000022233],213.2577762,,,,,,,,p5,1,2025-11-23_20h42.17.638,untitled,,2025.1.1,59.32141052,2025-11-23 20h42.25.415404 +0530
7,5,5,10,30,6,3,6,7,6,7,1,[2.7152780999895185],[2.7152885000687093],3,6,30,6,219.4181097,,,,,,,,,219.4020039,219.4181097,219.9020218,219.9021377,219.9177393,221.3338785,6,7,221.3348436,221.3495721,222.5636887,222.5636887,222.5636887,222.6634482,225.3793076,6,7,1,[2.7152780999895185],[2.7152885000687093],219.9177393,,,,,,,,p5,1,2025-11-23_20h42.17.638,untitled,,2025.1.1,59.32141052,2025-11-23 20h42.25.415404 +0530
8,8,5,13,31,7,3,3,5,3,5,1,[3.6976333999773487],[3.697649999987334],3,7,31,7,225.3949872,,,,,,,,,225.3796834,225.3949872,225.879096,225.8796168,225.8946531,227.3108358,3,5,227.311801,227.3270016,228.540998,228.540998,228.5742809,228.6402757,232.3386381,3,5,1,[3.6976333999773487],[3.697649999987334],225.8946531,,,,,,,,p5,1,2025-11-23_20h42.17.638,untitled,,2025.1.1,59.32141052,2025-11-23 20h42.25.415404 +0530
1,2,4,6,32,0,4,2,5,2,1,1,[3.8305934999370947],[3.8306094999425113],4,0,32,0,232.3555098,,,,,,,,,232.3391436,232.3555098,232.8384436,232.8385597,232.8547091,234.2706126,2,5,234.2715908,234.2868506,235.5007488,235.5007488,235.5340378,235.6002858,239.4316377,2,1,1,[3.8305934999370947],[3.8306094999425113],232.8547091,,,,,,,,p5,1,2025-11-23_20h42.17.638,untitled,,2025.1.1,59.32141052,2025-11-23 20h42.25.415404 +0530
2,3,4,7,33,1,4,3,2,3,2,1,[6.746017300058156],[6.746034100069664],4,1,33,1,239.4484184,,,,,,,,,239.4321784,239.4484184,239.9321533,239.9322673,239.9471608,241.3638199,3,2,241.3651208,241.3793559,242.5937487,242.5937487,242.5937487,242.6936324,249.4404003,3,2,1,[6.746017300058156],[6.746034100069664],239.9471608,,,,,,,,p5,1,2025-11-23_20h42.17.638,untitled,,2025.1.1,59.32141052,2025-11-23 20h42.25.415404 +0530
3,5,4,9,34,2,4,8,6,6,7,1,[3.5656420999439433],[3.565652500023134],4,2,34,2,249.4549796,,,,,,,,,249.4409189,249.4549796,249.9382135,249.9383324,249.9540859,251.3700173,8,6,251.3710188,251.3861461,252.5999838,252.5999838,252.5999838,252.6999086,256.2661374,6,7,1,[3.5656420999439433],[3.565652500023134],249.9540859,,,,,,,,p5,1,2025-11-23_20h42.17.638,untitled,,2025.1.1,59.32141052,2025-11-23 20h42.25.415404 +0530
4,8,4,12,35,3,4,5,1,5,1,1,[3.330431399983354],[3.330447699991055],4,3,35,3,256.2814938,,,,,,,,,256.2665164,256.2814938,256.7656938,256.7658101,256.7815921,258.1965178,5,1,258.1973296,258.2127756,259.4269729,259.4269729,259.4269729,259.5268495,262.8580539,5,1,1,[3.330431399983354],[3.330447699991055],256.7815921,,,,,,,,p5,1,2025-11-23_20h42.17.638,untitled,,2025.1.1,59.32141052,2025-11-23 20h42.25.415404 +0530
5,2,5,7,36,4,4,5,3,5,7,1,[3.514238000032492],[3.514254500041716],4,4,36,4,262.874755,,,,,,,,,262.8585776,262.874755,263.358651,263.3587802,263.3741169,264.7906649,5,3,264.7916426,264.806564,266.0208945,266.0208945,266.0533664,266.1200211,269.6350412,5,7,1,[3.514238000032492],[3.514254500041716],,,,,,,,,p5,1,2025-11-23_20h42.17.638,untitled,,2025.1.1,59.32141052,2025-11-23 20h42.25.415404 +0530
6,3,5,8,37,5,4,3,7,3,7,1,[3.3309560999041423],[3.330974999931641],4,5,37,5,269.6517631,,,,,,,,,269.6355627,269.6517631,270.1513876,270.1515809,270.1681765,271.5670205,3,7,271.5680445,271.5826645,272.7967465,272.7967465,272.7967465,272.8965547,276.228412,3,7,1,[3.3309560999041423],[3.330974999931641],,,,,,,,,p5,1,2025-11-23_20h42.17.638,untitled,,2025.1.1,59.32141052,2025-11-23 20h42.25.415404 +0530
7,5,5,10,38,6,4,7,2,7,2,1,[5.028507800074294],[5.028524300083518],4,6,38,6,276.2449832,,,,,,,,,276.2293806,276.2449832,276.7285343,276.7286982,276.7446519,278.1604911,7,2,278.1614615,278.1765297,279.390775,279.390775,279.4237174,279.4905963,284.5198902,7,2,1,[5.028507800074294],[5.028524300083518],276.7446519,,,,,,,,p5,1,2025-11-23_20h42.17.638,untitled,,2025.1.1,59.32141052,2025-11-23 20h42.25.415404 +0530
8,8,5,13,39,7,4,1,9,2,9,1,[2.8324470999650657],[2.832463499973528],4,7,39,7,284.5365112,,,,,,,,,284.5204409,284.5365112,285.0205347,285.0207984,285.0364112,286.4518876,1,9,286.4528409,286.4678693,287.6826249,287.6826249,287.7157993,287.7817957,290.6151068,2,9,1,[2.8324470999650657],[2.832463499973528],,,,,,,,,p5,1,2025-11-23_20h42.17.638,untitled,,2025.1.1,59.32141052,2025-11-23 20h42.25.415404 +0530
1,2,4,6,40,0,5,9,7,9,8,1,[3.9806632000254467],[3.9806738999905065],5,0,40,0,290.63091,,,,,,,,,290.6156205,290.63091,291.1148374,291.1149458,291.1305859,292.5459915,9,7,292.5467741,292.562405,293.7763538,293.7763538,293.8093629,293.8764094,297.8577065,9,8,1,[3.9806632000254467],[3.9806738999905065],291.1305859,,,,,,,,p5,1,2025-11-23_20h42.17.638,untitled,,2025.1.1,59.32141052,2025-11-23 20h42.25.415404 +0530
2,3,4,7,41,1,5,4,2,4,1,1,[5.378690699930303],[5.378700700006448],5,1,41,1,297.8737416,,,,,,,,,297.8580901,297.8737416,298.3567716,298.3568658,298.3734612,299.7889146,4,2,299.7897687,299.8048488,301.0189568,301.0189568,301.0522355,301.1187253,306.4980284,4,1,1,[5.378690699930303],[5.378700700006448],298.3734612,,,,,,,,p5,1,2025-11-23_20h42.17.638,untitled,,2025.1.1,59.32141052,2025-11-23 20h42.25.415404 +0530
3,5,4,9,42,2,5,6,2,6,2,1,[3.1166257000295445],[3.116636000107974],5,2,42,2,306.5146372,,,,,,,,,306.4984288,306.5146372,306.9982668,306.9983671,307.0142461,308.4308223,6,2,308.4316392,308.4462048,309.6600401,309.6600401,309.6938196,309.7605184,312.877802,6,2,1,[3.1166257000295445],[3.116636000107974],307.0142461,,,,,,,,p5,1,2025-11-23_20h42.17.638,untitled,,2025.1.1,59.32141052,2025-11-23 20h42.25.415404 +0530
4,8,4,12,43,3,5,5,9,5,9,1,[3.632183799985796],[3.63219959998969],5,3,43,3,312.8915787,,,,,,,,,312.8781774,312.8915787,313.3753225,313.3754238,313.3918807,314.8073452,5,9,314.8081326,314.8235707,316.0376337,316.0376337,316.070802,316.1538772,319.7867859,5,9,1,[3.632183799985796],[3.63219959998969],313.3918807,,,,,,,,p5,1,2025-11-23_20h42.17.638,untitled,,2025.1.1,59.32141052,2025-11-23 20h42.25.415404 +0530
5,2,5,7,44,4,5,2,5,2,1,1,[4.063041899935342],[4.063053200021386],5,4,44,4,319.8027022,,,,,,,,,319.7872322,319.8027022,320.3013432,320.3014872,320.3178201,321.7171103,2,5,321.7179914,321.7343006,322.9476687,322.9476687,322.980868,323.047201,327.110848,2,1,1,[4.063041899935342],[4.063053200021386],,,,,,,,,p5,1,2025-11-23_20h42.17.638,untitled,,2025.1.1,59.32141052,2025-11-23 20h42.25.415404 +0530
6,3,5,8,45,5,5,6,8,6,8,1,[3.1820329000474885],[3.1820430000079796],5,5,45,5,327.1272772,,,,,,,,,327.1112372,327.1272772,327.6113007,327.6114456,327.6269791,329.0430454,6,8,329.0439301,329.0593219,330.2733399,330.2733399,330.2733399,330.3726788,333.5553272,6,8,1,[3.1820329000474885],[3.1820430000079796],,,,,,,,,p5,1,2025-11-23_20h42.17.638,untitled,,2025.1.1,59.32141052,2025-11-23 20h42.25.415404 +0530
7,5,5,10,46,6,5,3,3,3,3,1,[3.365628600004129],[3.3656385000795126],5,6,46,6,333.5710845,,,,,,,,,333.5556939,333.5710845,334.0550051,334.0550981,334.07009,335.4867075,3,3,335.4874894,335.5037961,336.7173787,336.7173787,336.7504599,336.8169,340.1831447,3,3,1,[3.365628600004129],[3.3656385000795126],334.07009,,,,,,,,p5,1,2025-11-23_20h42.17.638,untitled,,2025.1.1,59.32141052,2025-11-23 20h42.25.415404 +0530
8,8,5,13,47,7,5,4,7,4,7,1,[2.997389599913731],[2.997402200009674],5,7,47,7,340.1981111,,,,,,,,,340.1835228,340.1981111,340.6980483,340.6981771,340.7143406,342.1137949,4,7,342.1146442,342.1290829,343.3437771,343.3437771,343.3437771,343.4436705,346.4417172,4,7,1,[2.997389599913731],[2.997402200009674],,,,,,,,,p5,1,2025-11-23_20h42.17.638,untitled,,2025.1.1,59.32141052,2025-11-23 20h42.25.415404 +0530
1,2,4,6,48,0,6,5,2,5,9,1,[3.3309477999573573],[3.330958200036548],6,0,48,0,346.4580769,,,,,,,,,346.4421161,346.4580769,346.9416863,346.9417894,346.9581679,348.3743892,5,2,348.3752359,348.3904838,349.6043167,349.6043167,349.6374968,349.7041374,353.035708,5,9,1,[3.3309477999573573],[3.330958200036548],346.9581679,,,,,,,,p5,1,2025-11-23_20h42.17.638,untitled,,2025.1.1,59.32141052,2025-11-23 20h42.25.415404 +0530
2,3,4,7,49,1,6,5,7,5,7,1,[3.3976051999488845],[3.3976219999603927],6,1,49,1,353.0518603,,,,,,,,,353.0360772,353.0518603,353.5355058,353.5356212,353.5517061,354.9676104,5,7,354.9686382,354.9843686,356.1973339,356.1973339,356.2309441,356.2974593,359.6958386,5,7,1,[3.3976051999488845],[3.3976219999603927],353.5517061,,,,,,,,p5,1,2025-11-23_20h42.17.638,untitled,,2025.1.1,59.32141052,2025-11-23 20h42.25.415404 +0530
3,5,4,9,50,2,6,8,3,8,3,1,[5.178948900080286],[5.178965600091033],6,2,50,2,359.7128809,,,,,,,,,359.69627,359.7128809,360.1960052,360.1961059,360.2114317,361.6272964,8,3,361.6281558,361.6436695,362.8581627,362.8581627,362.8758323,362.9741444,368.1539461,8,3,1,[5.178948900080286],[5.178965600091033],360.2114317,,,,,,,,p5,1,2025-11-23_20h42.17.638,untitled,,2025.1.1,59.32141052,2025-11-23 20h42.25.415404 +0530
4,8,4,12,51,3,6,7,5,7,5,1,[3.397406099946238],[3.3974191999295726],6,3,51,3,368.170295,,,,,,,,,368.1544693,368.170295,368.6537158,368.6538312,368.6698122,370.0856686,7,5,370.0866247,370.1018713,371.3157344,371.3157344,371.3157344,371.4156695,374.8137393,7,5,1,[3.397406099946238],[3.3974191999295726],368.6698122,,,,,,,,p5,1,2025-11-23_20h42.17.638,untitled,,2025.1.1,59.32141052,2025-11-23 20h42.25.415404 +0530
5,2,5,7,52,4,6,5,5,5,8,1,[3.8973582999315113],[3.897375399945304],6,4,52,4,374.8302313,,,,,,,,,374.8141128,374.8302313,375.3138497,375.3139521,375.3297988,376.7459512,5,5,376.7467814,376.7617326,377.976043,377.976043,377.976043,378.07581,381.9740113,5,8,1,[3.8973582999315113],[3.897375399945304],375.3297988,,,,,,,,p5,1,2025-11-23_20h42.17.638,untitled,,2025.1.1,59.32141052,2025-11-23 20h42.25.415404 +0530
6,3,5,8,53,5,6,3,6,3,6,1,[2.8653382000047714],[2.8653555000200868],6,5,53,5,381.989865,,,,,,,,,381.9745382,381.989865,382.4741348,382.4742513,382.4901831,383.9054598,3,6,383.9065806,383.9213897,385.1351924,385.1351924,385.1351924,385.2521654,388.1183644,3,6,1,[2.8653382000047714],[2.8653555000200868],382.4901831,,,,,,,,p5,1,2025-11-23_20h42.17.638,untitled,,2025.1.1,59.32141052,2025-11-23 20h42.25.415404 +0530
7,5,5,10,54,6,6,8,1,8,1,1,[3.3310992000624537],[3.33111310005188],6,6,54,6,388.1336608,,,,,,,,,388.1188626,388.1336608,388.6175214,388.6176379,388.6333306,390.0484995,8,1,390.0494611,390.0651217,391.2795001,391.2795001,391.3122963,391.3789287,394.710729,8,1,1,[3.3310992000624537],[3.33111310005188],388.6333306,,,,,,,,p5,1,2025-11-23_20h42.17.638,untitled,,2025.1.1,59.32141052,2025-11-23 20h42.25.415404 +0530
8,8,5,13,55,7,6,9,9,9,9,1,[3.4979084000224248],[3.4979253000346944],6,7,55,7,394.7275368,,,,,,,,,394.7110936,394.7275368,395.2113337,395.2114474,395.227222,396.6425663,9,9,396.6435329,396.6589478,397.872937,397.872937,397.872937,397.9900427,401.4888094,9,9,1,[3.4979084000224248],[3.4979253000346944],395.227222,,,,,,,,p5,1,2025-11-23_20h42.17.638,untitled,,2025.1.1,59.32141052,2025-11-23 20h42.25.415404 +0530
1,2,4,6,56,0,7,7,7,7,2,1,[3.7475280000362545],[3.7475390000035986],7,0,56,0,401.5037113,,,,,,,,,401.489304,401.5037113,401.9876924,401.9878146,402.0037794,403.4192898,7,7,403.4200846,403.435352,404.6496254,404.6496254,404.6829399,404.7494602,408.4976495,7,2,1,[3.7475280000362545],[3.7475390000035986],402.0037794,,,,,,,,p5,1,2025-11-23_20h42.17.638,untitled,,2025.1.1,59.32141052,2025-11-23 20h42.25.415404 +0530
2,3,4,7,57,1,7,6,1,6,1,1,[3.1485454000066966],[3.1485594999976456],7,1,57,1,408.5131212,,,,,,,,,408.4980158,408.5131212,408.997484,408.9976016,409.0135862,410.4289599,6,1,410.4299199,410.4451106,411.6593213,411.6593213,411.6922481,411.758853,414.9080764,6,1,1,[3.1485454000066966],[3.1485594999976456],409.0135862,,,,,,,,p5,1,2025-11-23_20h42.17.638,untitled,,2025.1.1,59.32141052,2025-11-23 20h42.25.415404 +0530
3,5,4,9,58,2,7,6,5,6,5,1,[2.8155345000559464],[2.8155520000727847],7,2,58,2,414.9237696,,,,,,,,,414.9084544,414.9237696,415.4076792,415.4078055,415.4239081,416.839558,6,5,416.8405073,416.8552769,418.069602,418.069602,418.1028559,418.1694766,420.9858808,6,5,1,[2.8155345000559464],[2.8155520000727847],415.4239081,,,,,,,,p5,1,2025-11-23_20h42.17.638,untitled,,2025.1.1,59.32141052,2025-11-23 20h42.25.415404 +0530
4,8,4,12,59,3,7,7,4,7,4,1,[3.182145699975081],[3.1821619999827817],7,3,59,3,421.0013515,,,,,,,,,420.9864011,421.0013515,421.4850505,421.4852166,421.5008173,422.9163922,7,4,422.9173625,422.9324282,424.1468988,424.1468988,424.1468988,424.2469768,427.4299978,7,4,1,[3.182145699975081],[3.1821619999827817],421.5008173,,,,,,,,p5,1,2025-11-23_20h42.17.638,untitled,,2025.1.1,59.32141052,2025-11-23 20h42.25.415404 +0530
5,2,5,7,60,4,7,3,3,3,2,1,[2.7822791000362486],[2.782295500044711],7,4,60,4,427.4448778,,,,,,,,,427.4305166,427.4448778,427.9286781,427.9288006,427.9440848,429.3599927,3,3,429.3609518,429.3763076,430.590521,430.590521,430.590521,430.7068897,433.4900675,3,2,1,[2.7822791000362486],[2.782295500044711],427.9440848,,,,,,,,p5,1,2025-11-23_20h42.17.638,untitled,,2025.1.1,59.32141052,2025-11-23 20h42.25.415404 +0530
6,3,5,8,61,5,7,2,5,2,5,1,[3.6454452000325546],[3.6454622000455856],7,5,61,5,433.5056786,,,,,,,,,433.4905971,433.5056786,433.9893698,433.9894925,434.0053878,435.4214929,2,5,435.422453,435.4374316,436.6511939,436.6511939,436.6844555,436.7541286,440.40047,2,5,1,[3.6454452000325546],[3.6454622000455856],434.0053878,,,,,,,,p5,1,2025-11-23_20h42.17.638,untitled,,2025.1.1,59.32141052,2025-11-23 20h42.25.415404 +0530
7,5,5,10,62,6,7,9,3,9,3,1,[3.6466124000726268],[3.646628100075759],7,6,62,6,440.4155057,,,,,,,,,440.4009651,440.4155057,440.8988533,440.8989448,440.9152453,442.3308259,9,3,442.3317983,442.3465792,443.5609668,443.5609668,443.5609668,443.6776006,447.3251211,9,3,1,[3.6466124000726268],[3.646628100075759],440.9152453,,,,,,,,p5,1,2025-11-23_20h42.17.638,untitled,,2025.1.1,59.32141052,2025-11-23 20h42.25.415404 +0530
8,8,5,13,63,7,7,2,1,2,1,1,[3.897730299970135],[3.8977475999854505],7,7,63,7,447.3416521,,,,,,,,,447.3256432,447.3416521,447.8255973,447.825729,447.8419351,449.2569215,2,1,449.2579432,449.2732742,450.4874825,450.4874825,450.5207272,450.5874756,454.4860927,2,1,1,[3.897730299970135],[3.8977475999854505],,,,,,,,,p5,1,2025-11-23_20h42.17.638,untitled,,2025.1.1,59.32141052,2025-11-23 20h42.25.415404 +0530
1,2,4,6,64,0,8,7,7,7,5,1,[3.347945599933155],[3.347956500016153],8,0,64,0,454.5014678,,,,,,,,,454.4865876,454.5014678,454.9864248,454.9865407,455.0008966,456.4163625,7,7,456.4173222,456.4328566,457.6469611,457.6469611,457.6469611,457.7471016,461.0957441,7,5,1,[3.347945599933155],[3.347956500016153],455.0008966,,,,,,,,p5,1,2025-11-23_20h42.17.638,untitled,,2025.1.1,59.32141052,2025-11-23 20h42.25.415404 +0530
2,3,4,7,65,1,8,9,9,9,9,1,[3.130991099984385],[3.1310078999958932],8,1,65,1,461.1116367,,,,,,,,,461.0961185,461.1116367,461.5950454,461.5951873,461.6109267,463.0268526,9,9,463.0277875,463.0429431,464.2572102,464.2572102,464.2906041,464.3569366,467.4888367,9,9,1,[3.130991099984385],[3.1310078999958932],461.6109267,,,,,,,,p5,1,2025-11-23_20h42.17.638,untitled,,2025.1.1,59.32141052,2025-11-23 20h42.25.415404 +0530
3,5,4,9,66,2,8,5,8,8,7,1,[2.9316051000496373],[2.9316221000626683],8,2,66,2,467.505207,,,,,,,,,467.4893493,467.505207,467.9889306,467.9890501,468.0048332,469.4208467,5,8,469.4217847,469.4365963,470.6506761,470.6506761,470.6506761,470.7673377,473.6998609,8,7,1,[2.9316051000496373],[2.9316221000626683],468.0048332,,,,,,,,p5,1,2025-11-23_20h42.17.638,untitled,,2025.1.1,59.32141052,2025-11-23 20h42.25.415404 +0530
4,8,4,12,67,3,8,8,9,8,9,1,[4.264051600010134],[4.264069099910557],8,3,67,3,473.7154084,,,,,,,,,473.7003521,473.7154084,474.1994223,474.1995561,474.2152014,475.6307789,8,9,475.6317322,475.6467577,476.8612589,476.8612589,476.8612589,476.9611003,481.2260847,8,9,1,[4.264051600010134],[4.264069099910557],474.2152014,,,,,,,,p5,1,2025-11-23_20h42.17.638,untitled,,2025.1.1,59.32141052,2025-11-23 20h42.25.415404 +0530
5,2,5,7,68,4,8,5,5,5,3,1,[3.3635147999739274],[3.363524700049311],8,4,68,4,481.2413507,,,,,,,,,481.2265772,481.2413507,481.7246908,481.7247893,481.7404459,483.1576602,5,5,483.1586314,483.1734573,484.3872291,484.3872291,484.4198562,484.504141,487.8683591,5,3,1,[3.3635147999739274],[3.363524700049311],481.7404459,,,,,,,,p5,1,2025-11-23_20h42.17.638,untitled,,2025.1.1,59.32141052,2025-11-23 20h42.25.415404 +0530
6,3,5,8,69,5,8,8,8,8,8,1,[2.981913199997507],[2.9819294000044465],8,5,69,5,487.8846926,,,,,,,,,487.8687296,487.8846926,488.3689802,488.3690954,488.3844092,489.8001834,8,8,489.801142,489.8159825,491.0304852,491.0304852,491.0304852,491.1304236,494.113268,8,8,1,[2.981913199997507],[2.9819294000044465],488.3844092,,,,,,,,p5,1,2025-11-23_20h42.17.638,untitled,,2025.1.1,59.32141052,2025-11-23 20h42.25.415404 +0530
7,5,5,10,70,6,8,2,5,2,5,1,[3.1475912999594584],[3.1476096999831498],8,6,70,6,494.1286577,,,,,,,,,494.1137721,494.1286577,494.6125725,494.6126976,494.6286548,496.0438114,2,5,496.0447622,496.0602612,497.2743194,497.2743194,497.3080241,497.3742521,500.5227895,2,5,1,[3.1475912999594584],[3.1476096999831498],494.6286548,,,,,,,,p5,1,2025-11-23_20h42.17.638,untitled,,2025.1.1,59.32141052,2025-11-23 20h42.25.415404 +0530
8,8,5,13,71,7,8,3,2,3,2,1,[3.61572470003739],[3.6157351000001654],8,7,71,7,500.539138,,,,,,,,,500.5233065,500.539138,501.0222862,501.0224013,501.0386781,502.4545421,3,2,502.4555167,502.4702145,503.6851047,503.6851047,503.6851047,503.7846794,507.4011274,3,2,1,[3.61572470003739],[3.6157351000001654],501.0386781,,,,,,,,p5,1,2025-11-23_20h42.17.638,untitled,,2025.1.1,59.32141052,2025-11-23 20h42.25.415404 +0530
1,2,4,6,72,0,9,9,1,9,1,1,[4.230419700033963],[4.230437199934386],9,0,72,0,507.4155071,,,,,,,,,507.4014925,507.4155071,507.8991099,507.89924,507.915221,509.3314127,9,1,509.3323544,509.3474792,510.5611019,510.5611019,510.5943257,510.6612037,514.8925635,9,1,1,[4.230419700033963],[4.230437199934386],507.915221,,,,,,,,p5,1,2025-11-23_20h42.17.638,untitled,,2025.1.1,59.32141052,2025-11-23 20h42.25.415404 +0530
2,3,4,7,73,1,9,7,2,9,7,1,[2.8644565999275073],[2.864467200008221],9,1,73,1,514.9080884,,,,,,,,,514.8930734,514.9080884,515.3917331,515.3918575,515.4076296,516.8240755,7,2,516.8250243,516.8395093,518.0533574,518.0533574,518.0870896,518.1535689,521.0187543,9,7,1,[2.8644565999275073],[2.864467200008221],515.4076296,,,,,,,,p5,1,2025-11-23_20h42.17.638,untitled,,2025.1.1,59.32141052,2025-11-23 20h42.25.415404 +0530
3,5,4,9,74,2,9,9,4,9,4,1,[3.348930299980566],[3.348940899944864],9,2,74,2,521.0348567,,,,,,,,,521.0191321,521.0348567,521.518954,521.5190836,521.5344501,522.9504823,9,4,522.9514371,522.9667408,524.180552,524.180552,524.180552,524.2974373,527.6471096,9,4,1,[3.348930299980566],[3.348940899944864],521.5344501,,,,,,,,p5,1,2025-11-23_20h42.17.638,untitled,,2025.1.1,59.32141052,2025-11-23 20h42.25.415404 +0530
4,8,4,12,75,3,9,3,3,3,3,1,[3.6983171000611037],[3.698333700071089],9,3,75,3,527.6620595,,,,,,,,,527.6475183,527.6620595,528.1458233,528.145946,528.1621571,529.5776455,3,3,529.5785969,529.5934606,530.8079176,530.8079176,530.8079176,530.9071504,534.6064295,3,3,1,[3.6983171000611037],[3.698333700071089],528.1621571,,,,,,,,p5,1,2025-11-23_20h42.17.638,untitled,,2025.1.1,59.32141052,2025-11-23 20h42.25.415404 +0530
5,2,5,7,76,4,9,3,5,3,5,1,[2.5150998999597505],[2.5151166999712586],9,4,76,4,534.6217416,,,,,,,,,534.6069345,534.6217416,535.1059064,535.1060341,535.1210142,536.5371131,3,5,536.5380758,536.5532689,537.7675027,537.7675027,537.8006654,537.8674718,540.3834952,3,5,1,[2.5150998999597505],[2.5151166999712586],535.1210142,,,,,,,,p5,1,2025-11-23_20h42.17.638,untitled,,2025.1.1,59.32141052,2025-11-23 20h42.25.415404 +0530
6,3,5,8,77,5,9,3,7,3,7,1,[3.2809897999977693],[3.281000400078483],9,5,77,5,540.399415,,,,,,,,,540.3840054,540.399415,540.8836332,540.8837548,540.899051,542.3148737,3,7,542.3158235,542.3307819,543.5452238,543.5452238,543.5777087,543.6609599,546.9426864,3,7,1,[3.2809897999977693],[3.281000400078483],540.899051,,,,,,,,p5,1,2025-11-23_20h42.17.638,untitled,,2025.1.1,59.32141052,2025-11-23 20h42.25.415404 +0530
7,5,5,10,78,6,9,5,8,5,8,1,[2.832859000074677],[2.8328692000359297],9,6,78,6,546.9591868,,,,,,,,,546.9430579,546.9591868,547.4432682,547.4434,547.4594961,548.8757397,5,8,548.876693,548.891137,550.1048173,550.1048173,550.1048173,550.2047607,553.0383566,5,8,1,[2.832859000074677],[2.8328692000359297],,,,,,,,,p5,1,2025-11-23_20h42.17.638,untitled,,2025.1.1,59.32141052,2025-11-23 20h42.25.415404 +0530
8,8,5,13,79,7,9,3,7,3,7,1,[2.815098399994895],[2.8151155998930335],9,7,79,7,553.0537604,,,,,,,,,553.0387132,553.0537604,553.5372052,553.537402,553.5529456,554.9687545,3,7,554.9697054,554.9848274,556.199266,556.199266,556.2321178,556.2990184,559.1150922,3,7,1,[2.815098399994895],[2.8151155998930335],553.5529456,,,,,,,,p5,1,2025-11-23_20h42.17.638,untitled,,2025.1.1,59.32141052,2025-11-23 20h42.25.415404 +0530
1,2,4,6,80,0,10,4,5,4,7,1,[3.7135934000834823],[3.713605400058441],10,0,80,0,559.1308063,,,,,,,,,559.1155878,559.1308063,559.6145938,559.6147181,559.6303525,561.0460279,4,5,561.046977,561.0620458,562.2764761,562.2764761,562.2764761,562.3763763,566.0907264,4,7,1,[3.7135934000834823],[3.713605400058441],559.6303525,,,,,,,,p5,1,2025-11-23_20h42.17.638,untitled,,2025.1.1,59.32141052,2025-11-23 20h42.25.415404 +0530
2,3,4,7,81,1,10,8,4,8,5,1,[3.6144048999994993],[3.6144212000072002],10,1,81,1,566.1070206,,,,,,,,,566.0911013,566.1070206,566.5914554,566.5915753,566.6067378,568.0233148,8,4,568.024265,568.0391488,569.2528692,569.2528692,569.2861037,569.3698863,572.9852472,8,5,1,[3.6144048999994993],[3.6144212000072002],566.6067378,,,,,,,,p5,1,2025-11-23_20h42.17.638,untitled,,2025.1.1,59.32141052,2025-11-23 20h42.25.415404 +0530
3,5,4,9,82,2,10,7,4,8,7,1,[3.3820776999928057],[3.3820940000005066],10,2,82,2,573.0010847,,,,,,,,,572.9857517,573.0010847,573.5001749,573.5003038,573.5162294,574.9160933,7,4,574.9170447,574.9318752,576.1456709,576.1456709,576.1456709,576.2455059,579.6285632,8,7,1,[3.3820776999928057],[3.3820940000005066],,,,,,,,,p5,1,2025-11-23_20h42.17.638,untitled,,2025.1.1,59.32141052,2025-11-23 20h42.25.415404 +0530
4,8,4,12,83,3,10,2,9,2,8,1,[2.93116929999087],[2.931187400012277],10,3,83,3,579.6439102,,,,,,,,,579.6290827,579.6439102,580.1280794,580.1281978,580.1437279,581.5600744,2,9,581.5610232,581.5756401,582.7894566,582.7894566,582.822758,582.8892978,585.8214554,2,8,1,[2.93116929999087],[2.931187400012277],580.1437279,,,,,,,,p5,1,2025-11-23_20h42.17.638,untitled,,2025.1.1,59.32141052,2025-11-23 20h42.25.415404 +0530
5,2,5,7,84,4,10,7,2,4,2,1,[4.213532999972813],[4.213549099978991],10,4,84,4,585.8373493,,,,,,,,,585.8219534,585.8373493,586.3213011,586.3214167,586.3373262,587.7536476,7,2,587.7545867,587.76915,588.9833646,588.9833646,589.016237,589.0832875,593.2978131,4,2,1,[4.213532999972813],[4.213549099978991],586.3373262,,,,,,,,p5,1,2025-11-23_20h42.17.638,untitled,,2025.1.1,59.32141052,2025-11-23 20h42.25.415404 +0530
6,3,5,8,85,5,10,8,2,8,2,1,[3.597525899996981],[3.5975430000107735],10,5,85,5,593.3132302,,,,,,,,,593.2983385,593.3132302,593.7969894,593.7971579,593.8132516,595.2294005,8,2,595.2303576,595.2446409,596.4592608,596.4592608,596.4592608,596.5595547,600.1581563,8,2,1,[3.597525899996981],[3.5975430000107735],593.8132516,,,,,,,,p5,1,2025-11-23_20h42.17.638,untitled,,2025.1.1,59.32141052,2025-11-23 20h42.25.415404 +0530
7,5,5,10,86,6,10,1,1,1,1,1,[6.162696100072935],[6.162706000031903],10,6,86,6,600.1739838,,,,,,,,,600.1586516,600.1739838,600.6575746,600.6576926,600.6731987,602.089039,1,1,602.0899901,602.1048078,603.3186963,603.3186963,603.3186963,603.4356185,609.5990896,1,1,1,[6.162696100072935],[6.162706000031903],600.6731987,,,,,,,,p5,1,2025-11-23_20h42.17.638,untitled,,2025.1.1,59.32141052,2025-11-23 20h42.25.415404 +0530
8,8,5,13,87,7,10,3,9,3,9,1,[3.9816722000250593],[3.981688200030476],10,7,87,7,609.6139998,,,,,,,,,609.5994571,609.6139998,610.1001684,610.1003013,610.1132084,611.5296653,3,9,611.5306095,611.545478,612.7594271,612.7594271,612.7594271,612.8590029,616.8416743,3,9,1,[3.9816722000250593],[3.981688200030476],,,,,,,,,p5,1,2025-11-23_20h42.17.638,untitled,,2025.1.1,59.32141052,2025-11-23 20h42.25.415404 +0530
1,2,4,6,88,0,11,2,4,2,5,1,[3.5805960000725463],[3.580608200049028],11,0,88,0,616.8569849,,,,,,,,,616.8421829,616.8569849,617.3406175,617.3407432,617.3560917,618.7724588,2,4,618.7734044,618.7889319,620.0026015,620.0026015,620.0357923,620.1025056,623.6838762,2,5,1,[3.5805960000725463],[3.580608200049028],617.3560917,,,,,,,,p5,1,2025-11-23_20h42.17.638,untitled,,2025.1.1,59.32141052,2025-11-23 20h42.25.415404 +0530
2,3,4,7,89,1,11,6,4,6,7,1,[4.396544500021264],[4.396555899991654],11,1,89,1,623.7000684,,,,,,,,,623.6842667,623.7000684,624.1842913,624.184413,624.1995273,625.61575,6,4,625.6166841,625.6316575,626.8453054,626.8453054,626.8453054,626.9453052,631.3426674,6,7,1,[4.396544500021264],[4.396555899991654],624.1995273,,,,,,,,p5,1,2025-11-23_20h42.17.638,untitled,,2025.1.1,59.32141052,2025-11-23 20h42.25.415404 +0530
3,5,4,9,90,2,11,5,9,5,9,1,[4.896426699939184],[4.896437199902721],11,2,90,2,631.3595802,,,,,,,,,631.3430446,631.3595802,631.8429515,631.8430717,631.8587107,633.2744672,5,9,633.275412,633.290225,634.5047484,634.5047484,634.5047484,634.6047207,639.50195,5,9,1,[4.896426699939184],[4.896437199902721],631.8587107,,,,,,,,p5,1,2025-11-23_20h42.17.638,untitled,,2025.1.1,59.32141052,2025-11-23 20h42.25.415404 +0530
4,8,4,12,91,3,11,7,8,7,8,1,[3.282925400068052],[3.282935000024736],11,3,91,3,639.5175568,,,,,,,,,639.5023165,639.5175568,640.0016408,640.001758,640.0177103,641.4335552,7,8,641.4345053,641.4497496,642.6633771,642.6633771,642.6965929,642.7633932,646.0471219,7,8,1,[3.282925400068052],[3.282935000024736],640.0177103,,,,,,,,p5,1,2025-11-23_20h42.17.638,untitled,,2025.1.1,59.32141052,2025-11-23 20h42.25.415404 +0530
5,2,5,7,92,4,11,6,5,6,5,1,[4.931130500044674],[4.931140500004403],11,4,92,4,646.061379,,,,,,,,,646.0474997,646.061379,646.5451259,646.5452431,646.5621907,647.9769756,6,5,647.978005,647.9927711,649.2069443,649.2069443,649.2069443,649.3064244,654.2383519,6,5,1,[4.931130500044674],[4.931140500004403],646.5621907,,,,,,,,p5,1,2025-11-23_20h42.17.638,untitled,,2025.1.1,59.32141052,2025-11-23 20h42.25.415404 +0530
6,3,5,8,93,5,11,9,9,9,9,1,[3.547269699978642],[3.5472853999817744],11,5,93,5,654.2534704,,,,,,,,,654.2387179,654.2534704,654.7368482,654.7369658,654.7528694,656.1688241,9,9,656.1697721,656.1846679,657.3987708,657.3987708,657.4317851,657.49863,661.0469343,9,9,1,[3.547269699978642],[3.5472853999817744],654.7528694,,,,,,,,p5,1,2025-11-23_20h42.17.638,untitled,,2025.1.1,59.32141052,2025-11-23 20h42.25.415404 +0530
7,5,5,10,94,6,11,9,6,9,6,1,[4.01468559994828],[4.014702499960549],11,6,94,6,661.0632011,,,,,,,,,661.0474401,661.0632011,661.5468028,661.5469232,661.5621181,662.9786711,9,6,662.9796022,662.9941389,664.2085598,664.2085598,664.2085598,664.3084856,668.3241963,9,6,1,[4.01468559994828],[4.014702499960549],661.5621181,,,,,,,,p5,1,2025-11-23_20h42.17.638,untitled,,2025.1.1,59.32141052,2025-11-23 20h42.25.415404 +0530
8,8,5,13,95,7,11,2,6,2,6,1,[3.5144887999631464],[3.514505899976939],11,7,95,7,668.3393344,,,,,,,,,668.3247038,668.3393344,668.8389213,668.8390478,668.8549319,670.2553831,2,6,670.2563275,670.2706431,671.4847831,671.4847831,671.5185068,671.5846303,675.1001611,2,6,1,[3.5144887999631464],[3.514505899976939],,,,,,,,,p5,1,2025-11-23_20h42.17.638,untitled,,2025.1.1,59.32141052,2025-11-23 20h42.25.415404 +0530
1,2,4,6,96,0,12,9,1,9,1,1,[5.363011799985543],[5.363027999992482],12,0,96,0,675.1154085,,,,,,,,,675.1006819,675.1154085,675.5994664,675.5995856,675.6154762,677.0312761,9,1,677.0322014,677.0473445,678.2613661,678.2613661,678.2613661,678.3613404,683.7253852,9,1,1,[5.363011799985543],[5.363027999992482],675.6154762,,,,,,,,p5,1,2025-11-23_20h42.17.638,untitled,,2025.1.1,59.32141052,2025-11-23 20h42.25.415404 +0530
2,3,4,7,97,1,12,8,8,8,8,1,[3.2317648000316694],[3.2317814000416547],12,1,97,1,683.7408066,,,,,,,,,683.7258917,683.7408066,684.2242583,684.2243767,684.2396356,685.6565135,8,8,685.6575107,685.672327,686.8863095,686.8863095,686.9194229,686.9854989,690.2183495,8,8,1,[3.2317648000316694],[3.2317814000416547],684.2396356,,,,,,,,p5,1,2025-11-23_20h42.17.638,untitled,,2025.1.1,59.32141052,2025-11-23 20h42.25.415404 +0530
3,5,4,9,98,2,12,6,9,6,9,1,[2.9976118999766186],[2.9976277999812737],12,2,98,2,690.2339098,,,,,,,,,690.2188548,690.2339098,690.7179057,690.7180224,690.733817,692.1493302,6,9,692.1502733,692.1655498,693.3797358,693.3797358,693.4129692,693.4796918,696.4783503,6,9,1,[2.9976118999766186],[2.9976277999812737],690.733817,,,,,,,,p5,1,2025-11-23_20h42.17.638,untitled,,2025.1.1,59.32141052,2025-11-23 20h42.25.415404 +0530
4,8,4,12,99,3,12,1,4,1,4,1,[2.898738000076264],[2.8987555000931025],12,3,99,3,696.4945591,,,,,,,,,696.4788566,696.4945591,696.9787152,696.978835,696.9937085,698.4106458,1,4,698.4115905,698.4261291,699.6402542,699.6402542,699.6735102,699.7400321,702.6398423,1,4,1,[2.898738000076264],[2.8987555000931025],696.9937085,,,,,,,,p5,1,2025-11-23_20h42.17.638,untitled,,2025.1.1,59.32141052,2025-11-23 20h42.25.415404 +0530
5,2,5,7,100,4,12,1,1,1,7,1,[4.812746200012043],[4.8127646000357345],12,4,100,4,702.6548073,,,,,,,,,702.6403561,702.6548073,703.1388355,703.1389551,703.1546723,704.570933,1,1,704.5718713,704.5861808,705.8006645,705.8006645,705.8006645,705.9006512,710.7144737,1,7,1,[4.812746200012043],[4.8127646000357345],703.1546723,,,,,,,,p5,1,2025-11-23_20h42.17.638,untitled,,2025.1.1,59.32141052,2025-11-23 20h42.25.415404 +0530
6,3,5,8,101,5,12,6,6,6,6,1,[2.082128699985333],[2.082144799991511],12,5,101,5,710.7304483,,,,,,,,,710.7149886,710.7304483,711.2141819,711.2142994,711.2301098,712.6457828,6,6,712.6467555,712.6616276,713.8771932,713.8771932,713.8771932,713.9759094,716.05912,6,6,1,[2.082128699985333],[2.082144799991511],711.2301098,,,,,,,,p5,1,2025-11-23_20h42.17.638,untitled,,2025.1.1,59.32141052,2025-11-23 20h42.25.415404 +0530
7,5,5,10,102,6,12,9,5,9,,1,[3.1474810000509024],[3.147491900017485],12,6,102,6,716.075662,,,,,,,,,716.0596272,716.075662,716.5593714,716.5594887,716.5745631,717.9904651,9,5,717.9914387,718.0061197,719.2207638,719.2207638,719.2207638,719.3206845,722.4690131,9,,1,[3.1474810000509024],[3.147491900017485],716.5745631,,,,,,,,p5,1,2025-11-23_20h42.17.638,untitled,,2025.1.1,59.32141052,2025-11-23 20h42.25.415404 +0530
8,8,5,13,103,7,12,3,3,5,6,1,[3.746870700037107],[3.746886600041762],12,7,103,7,722.4854656,,,,,,,,,722.4693868,722.4854656,722.9692141,722.9693335,722.985049,724.4016079,3,3,724.4025531,724.4166102,725.6310244,725.6310244,725.6310244,725.7311163,729.4790701,5,6,1,[3.746870700037107],[3.746886600041762],722.985049,,,,,,,,p5,1,2025-11-23_20h42.17.638,untitled,,2025.1.1,59.32141052,2025-11-23 20h42.25.415404 +0530
1,2,4,6,104,0,13,3,7,3,7,1,[2.9302392000099644],[2.9302488999674097],13,0,104,0,729.4948898,,,,,,,,,729.4795812,729.4948898,729.978918,729.9790381,729.9951452,731.4109914,3,7,731.4119254,731.4264958,732.6408235,732.6408235,732.6408235,732.7411187,735.6722072,3,7,1,[2.9302392000099644],[2.9302488999674097],729.9951452,,,,,,,,p5,1,2025-11-23_20h42.17.638,untitled,,2025.1.1,59.32141052,2025-11-23 20h42.25.415404 +0530
2,3,4,7,105,1,13,1,4,1,4,1,[3.114557499997318],[3.1145679999608546],13,1,105,1,735.688946,,,,,,,,,735.6725833,735.688946,736.1728505,736.1729689,736.1881465,737.6043266,1,4,737.6052629,737.6201277,738.8342701,738.8342701,738.8342701,738.9340722,742.0494688,1,4,1,[3.114557499997318],[3.1145679999608546],736.1881465,,,,,,,,p5,1,2025-11-23_20h42.17.638,untitled,,2025.1.1,59.32141052,2025-11-23 20h42.25.415404 +0530
3,5,4,9,106,2,13,1,6,1,6,1,[3.7470081000356004],[3.747025099932216],13,2,106,2,742.0656292,,,,,,,,,742.0498526,742.0656292,742.5502935,742.5504103,742.5654967,743.9817517,1,6,743.9826017,743.998111,745.2117461,745.2117461,745.2450383,745.3120361,749.0601352,1,6,1,[3.7470081000356004],[3.747025099932216],742.5654967,,,,,,,,p5,1,2025-11-23_20h42.17.638,untitled,,2025.1.1,59.32141052,2025-11-23 20h42.25.415404 +0530
4,8,4,12,107,3,13,6,7,6,7,1,[3.6642307000001892],[3.6642473998945206],13,3,107,3,749.0758277,,,,,,,,,749.0606376,749.0758277,749.5595239,749.559644,749.5755871,750.9919186,6,7,750.9928623,751.0071593,752.2213852,752.2213852,752.2546557,752.3212456,755.9865829,6,7,1,[3.6642307000001892],[3.6642473998945206],749.5755871,,,,,,,,p5,1,2025-11-23_20h42.17.638,untitled,,2025.1.1,59.32141052,2025-11-23 20h42.25.415404 +0530
5,2,5,7,108,4,13,1,2,1,2,1,[4.181243699975312],[4.181260599987581],13,4,108,4,756.0024961,,,,,,,,,755.987088,756.0024961,756.5015852,756.501714,756.5183698,757.9174968,1,2,757.9184317,757.9333382,759.1473056,759.1473056,759.1473056,759.2472916,763.4296619,1,2,1,[4.181243699975312],[4.181260599987581],,,,,,,,,p5,1,2025-11-23_20h42.17.638,untitled,,2025.1.1,59.32141052,2025-11-23 20h42.25.415404 +0530
6,3,5,8,109,5,13,8,3,8,3,1,[3.6476065000751987],[3.647622900083661],13,5,109,5,763.4449252,,,,,,,,,763.4301663,763.4449252,763.9287162,763.9288372,763.9443422,765.3604386,8,3,765.3613816,765.3762669,766.5903703,766.5903703,766.5903703,766.6907628,770.3394865,8,3,1,[3.6476065000751987],[3.647622900083661],763.9443422,,,,,,,,p5,1,2025-11-23_20h42.17.638,untitled,,2025.1.1,59.32141052,2025-11-23 20h42.25.415404 +0530
7,5,5,10,110,6,13,1,1,1,1,1,[3.5801500999368727],[3.5801658999407664],13,6,110,6,770.3546369,,,,,,,,,770.3400084,770.3546369,770.8389511,770.839069,770.8542289,772.2705428,1,1,772.2714897,772.2859063,773.4998796,773.4998796,773.5332205,773.6000571,777.1813313,1,1,1,[3.5801500999368727],[3.5801658999407664],770.8542289,,,,,,,,p5,1,2025-11-23_20h42.17.638,untitled,,2025.1.1,59.32141052,2025-11-23 20h42.25.415404 +0530
8,8,5,13,111,7,13,5,3,5,3,1,[3.664923600037582],[3.664943899959326],13,7,111,7,777.1974384,,,,,,,,,777.1818614,777.1974384,777.6817488,777.6818655,777.6983999,779.1133006,5,3,779.1142866,779.1289567,780.3433285,780.3433285,780.3433285,780.4434192,784.1094276,5,3,1,[3.664923600037582],[3.664943899959326],777.6983999,,,,,,,,p5,1,2025-11-23_20h42.17.638,untitled,,2025.1.1,59.32141052,2025-11-23 20h42.25.415404 +0530
1,2,4,6,112,0,14,4,6,4,6,1,[5.328797900001518],[5.328810499981046],14,0,112,0,784.1247783,,,,,,,,,784.1099148,784.1247783,784.6243006,784.6244204,784.640768,786.0397738,4,6,786.0406534,786.0559854,787.2697751,787.2697751,787.3029504,787.3694099,792.6990841,4,6,1,[5.328797900001518],[5.328810499981046],,,,,,,,,p5,1,2025-11-23_20h42.17.638,untitled,,2025.1.1,59.32141052,2025-11-23 20h42.25.415404 +0530
2,3,4,7,113,1,14,7,7,7,8,1,[4.0801191999344155],[4.080130900023505],14,1,113,1,792.7157677,,,,,,,,,792.6994797,792.7157677,793.199283,793.1993883,793.21488,794.6316408,7,7,794.6326175,794.6475496,795.8615036,795.8615036,795.8943894,795.961245,800.0422336,7,8,1,[4.0801191999344155],[4.080130900023505],793.21488,,,,,,,,p5,1,2025-11-23_20h42.17.638,untitled,,2025.1.1,59.32141052,2025-11-23 20h42.25.415404 +0530
3,5,4,9,114,2,14,5,3,5,3,1,[3.331705000018701],[3.331715999986045],14,2,114,2,800.0583602,,,,,,,,,800.0426152,800.0583602,800.542003,800.5420997,800.5577333,801.9741465,5,3,801.9749341,801.9900874,803.2041437,803.2041437,803.2371226,803.3039712,806.6365536,5,3,1,[3.331705000018701],[3.331715999986045],800.5577333,,,,,,,,p5,1,2025-11-23_20h42.17.638,untitled,,2025.1.1,59.32141052,2025-11-23 20h42.25.415404 +0530
4,8,4,12,115,3,14,1,7,1,7,1,[3.7308333000401035],[3.730851999949664],14,3,115,3,806.6518401,,,,,,,,,806.6369543,806.6518401,807.1356036,807.1357034,807.1515281,808.5675602,1,7,808.5683698,808.5833655,809.7975981,809.7975981,809.8307546,809.8969475,813.6288582,1,7,1,[3.7308333000401035],[3.730851999949664],807.1515281,,,,,,,,p5,1,2025-11-23_20h42.17.638,untitled,,2025.1.1,59.32141052,2025-11-23 20h42.25.415404 +0530
5,2,5,7,116,4,14,1,3,7,1,1,[3.9307124000042677],[3.930724700097926],14,4,116,4,813.6447235,,,,,,,,,813.6292332,813.6447235,814.1281475,814.1282488,814.1441222,815.5602017,1,3,815.5609838,815.5756769,816.7904358,816.7904358,816.7904358,816.8906643,820.8222802,7,1,1,[3.9307124000042677],[3.930724700097926],814.1441222,,,,,,,,p5,1,2025-11-23_20h42.17.638,untitled,,2025.1.1,59.32141052,2025-11-23 20h42.25.415404 +0530
6,3,5,8,117,5,14,6,5,5,9,1,[3.0309694999596104],[3.030982100055553],14,5,117,5,820.8375841,,,,,,,,,820.8226927,820.8375841,821.3215022,821.3216033,821.3374792,822.7534899,6,5,822.7543424,822.7696259,823.983204,823.983204,824.0019015,824.1000361,827.1319135,5,9,1,[3.0309694999596104],[3.030982100055553],821.3374792,,,,,,,,p5,1,2025-11-23_20h42.17.638,untitled,,2025.1.1,59.32141052,2025-11-23 20h42.25.415404 +0530
7,5,5,10,118,6,14,7,8,7,8,1,[4.696085499948822],[4.696100399945863],14,6,118,6,827.1485266,,,,,,,,,827.132294,827.1485266,827.6318287,827.6319322,827.6477212,829.0641491,7,8,829.0649336,829.0792366,830.293706,830.293706,830.3272661,830.3938968,835.090934,7,8,1,[4.696085499948822],[4.696100399945863],827.6477212,,,,,,,,p5,1,2025-11-23_20h42.17.638,untitled,,2025.1.1,59.32141052,2025-11-23 20h42.25.415404 +0530
8,8,5,13,119,7,14,3,7,3,2,1,[2.8494630000786856],[2.84947540005669],14,7,119,7,835.1073327,,,,,,,,,835.0913558,835.1073327,835.5906331,835.5907401,835.6068327,837.0222256,3,7,837.0230154,837.0379837,838.2523683,838.2523683,838.2523683,838.3692749,841.2196558,3,2,1,[2.8494630000786856],[2.84947540005669],835.6068327,,,,,,,,p5,1,2025-11-23_20h42.17.638,untitled,,2025.1.1,59.32141052,2025-11-23 20h42.25.415404 +0530
1,2,4,6,120,0,15,2,2,2,6,1,[3.19831859995611],[3.1983289000345394],15,0,120,0,841.2337791,,,,,,,,,841.2200434,841.2337791,841.7174052,841.7175071,841.7330179,843.1503165,2,2,843.151126,843.1653156,844.3797396,844.3797396,844.4130701,844.4795771,847.6788154,2,6,1,[3.19831859995611],[3.1983289000345394],841.7330179,,,,,,,,p5,1,2025-11-23_20h42.17.638,untitled,,2025.1.1,59.32141052,2025-11-23 20h42.25.415404 +0530
2,3,4,7,121,1,15,7,3,3,2,1,[3.8969330000691116],[3.896946300053969],15,1,121,1,847.693578,,,,,,,,,847.6791889,847.693578,848.1778679,848.1779642,848.193589,849.610116,7,3,849.6109348,849.6252366,850.8400181,850.8400181,850.8734246,850.9400141,854.8378984,3,2,1,[3.8969330000691116],[3.896946300053969],848.193589,,,,,,,,p5,1,2025-11-23_20h42.17.638,untitled,,2025.1.1,59.32141052,2025-11-23 20h42.25.415404 +0530
3,5,4,9,122,2,15,2,9,2,9,1,[4.76280340005178],[4.762817500042729],15,2,122,2,854.8547861,,,,,,,,,854.8382991,854.8547861,855.3537196,855.3538368,855.3699504,856.7698006,2,9,856.7706206,856.7858,857.9997223,857.9997223,858.0328443,858.099298,862.8630651,2,9,1,[4.76280340005178],[4.762817500042729],,,,,,,,,p5,1,2025-11-23_20h42.17.638,untitled,,2025.1.1,59.32141052,2025-11-23 20h42.25.415404 +0530
4,8,4,12,123,3,15,7,1,7,1,1,[3.0994169000769034],[3.099430000060238],15,3,123,3,862.8793832,,,,,,,,,862.8634555,862.8793832,863.3631782,863.3632843,863.3788423,864.7949658,7,1,864.7959119,864.8106714,866.0250928,866.0250928,866.0583761,866.1246069,869.2249508,7,1,1,[3.0994169000769034],[3.099430000060238],863.3788423,,,,,,,,p5,1,2025-11-23_20h42.17.638,untitled,,2025.1.1,59.32141052,2025-11-23 20h42.25.415404 +0530
5,2,5,7,124,4,15,9,3,9,7,1,[2.7980619999580085],[2.79807419993449],15,4,124,4,869.2400553,,,,,,,,,869.2253615,869.2400553,869.7237225,869.7238452,869.7389058,871.1552951,9,3,871.1560876,871.1710583,872.3856585,872.3856585,872.4187307,872.4853243,875.284321,9,7,1,[2.7980619999580085],[2.79807419993449],869.7389058,,,,,,,,p5,1,2025-11-23_20h42.17.638,untitled,,2025.1.1,59.32141052,2025-11-23 20h42.25.415404 +0530
6,3,5,8,125,5,15,4,7,4,7,1,[3.2472230000421405],[3.247234500013292],15,5,125,5,875.3001482,,,,,,,,,875.2847356,875.3001482,875.7841283,875.784232,875.7997,877.2160251,4,7,877.2167982,877.2317602,878.4461075,878.4461075,878.4794309,878.5458587,881.7940198,4,7,1,[3.2472230000421405],[3.247234500013292],875.7997,,,,,,,,p5,1,2025-11-23_20h42.17.638,untitled,,2025.1.1,59.32141052,2025-11-23 20h42.25.415404 +0530
7,5,5,10,126,6,15,2,6,2,6,1,[2.7315369000425562],[2.731547600007616],15,6,126,6,881.8108446,,,,,,,,,881.7944036,881.8108446,882.2948229,882.2949345,882.3102835,883.7261592,2,6,883.7269966,883.742041,884.9559413,884.9559413,884.9559413,885.0560996,887.788563,2,6,1,[2.7315369000425562],[2.731547600007616],882.3102835,,,,,,,,p5,1,2025-11-23_20h42.17.638,untitled,,2025.1.1,59.32141052,2025-11-23 20h42.25.415404 +0530
8,8,5,13,127,7,15,9,5,9,5,1,[3.8302488999906927],[3.830261699971743],15,7,127,7,887.8041767,,,,,,,,,887.7889495,887.8041767,888.2884113,888.2885047,888.3039192,889.7196564,9,5,889.7204542,889.7359126,890.9501769,890.9501769,890.9833225,891.0666725,894.8978844,9,5,1,[3.8302488999906927],[3.830261699971743],888.3039192,,,,,,,,p5,1,2025-11-23_20h42.17.638,untitled,,2025.1.1,59.32141052,2025-11-23 20h42.25.415404 +0530
1,2,4,6,128,0,16,3,9,3,9,1,[3.1472646000329405],[3.1472780000185594],16,0,128,0,894.9145002,,,,,,,,,894.8982811,894.9145002,895.3978637,895.3979722,895.4141538,896.8297995,3,9,896.8305956,896.8455734,898.0599637,898.0599637,898.0930069,898.1598168,901.3080528,3,9,1,[3.1472646000329405],[3.1472780000185594],895.4141538,,,,,,,,p5,1,2025-11-23_20h42.17.638,untitled,,2025.1.1,59.32141052,2025-11-23 20h42.25.415404 +0530
2,3,4,7,129,1,16,7,4,7,4,1,[4.829234299948439],[4.829255499993451],16,1,129,1,901.3246018,,,,,,,,,901.3084399,901.3246018,901.8083833,901.8084801,901.8241927,903.2404198,7,4,903.2412468,903.2561903,904.4699613,904.4699613,904.4699613,904.5701186,909.4005836,7,4,1,[4.829234299948439],[4.829255499993451],901.8241927,,,,,,,,p5,1,2025-11-23_20h42.17.638,untitled,,2025.1.1,59.32141052,2025-11-23 20h42.25.415404 +0530
3,5,4,9,130,2,16,2,7,2,7,1,[3.84668319998309],[3.846694099949673],16,2,130,2,909.4166945,,,,,,,,,909.4011033,909.4166945,909.9006153,909.900739,909.9167057,911.3323453,2,7,911.3332871,911.3480352,912.562228,912.562228,912.5954818,912.662178,916.5098009,2,7,1,[3.84668319998309],[3.846694099949673],909.9167057,,,,,,,,p5,1,2025-11-23_20h42.17.638,untitled,,2025.1.1,59.32141052,2025-11-23 20h42.25.415404 +0530
4,8,4,12,131,3,16,5,5,5,5,1,[3.580487599945627],[3.580503399949521],16,3,131,3,916.5259734,,,,,,,,,916.5102032,916.5259734,917.0101863,917.010322,917.0257498,918.442702,5,5,918.4436489,918.4576814,919.671934,919.671934,919.705112,919.7717472,923.3534507,5,5,1,[3.580487599945627],[3.580503399949521],917.0257498,,,,,,,,p5,1,2025-11-23_20h42.17.638,untitled,,2025.1.1,59.32141052,2025-11-23 20h42.25.415404 +0530
5,2,5,7,132,4,16,1,7,1,9,1,[3.5969864999642596],[3.597003799979575],16,4,132,4,923.3690849,,,,,,,,,923.3539665,923.3690849,923.8542456,923.8543637,923.8691763,925.2851897,1,7,925.2861322,925.3010455,926.5150825,926.5150825,926.5488581,926.6150817,930.2132908,1,9,1,[3.5969864999642596],[3.597003799979575],923.8691763,,,,,,,,p5,1,2025-11-23_20h42.17.638,untitled,,2025.1.1,59.32141052,2025-11-23 20h42.25.415404 +0530
6,3,5,8,133,5,16,9,5,,9,1,[0.8998391999630257],[0.8998501999303699],16,5,133,5,930.2289709,,,,,,,,,930.2137895,930.2289709,930.7136188,930.7137349,930.7287919,932.1451733,9,5,932.146121,932.1606587,933.3749622,933.3749622,933.4081644,933.4747978,934.3755942,,9,1,[0.8998391999630257],[0.8998501999303699],930.7287919,,,,,,,,p5,1,2025-11-23_20h42.17.638,untitled,,2025.1.1,59.32141052,2025-11-23 20h42.25.415404 +0530
7,5,5,10,134,6,16,8,6,6,5,1,[3.3972798999166116],[3.397297899937257],16,6,134,6,934.3913402,,,,,,,,,934.3759732,934.3913402,934.875915,934.8760338,934.8909322,936.3070762,8,6,936.308026,936.3229715,937.5371385,937.5371385,937.5706655,937.6370581,941.0355652,6,5,1,[3.3972798999166116],[3.397297899937257],934.8909322,,,,,,,,p5,1,2025-11-23_20h42.17.638,untitled,,2025.1.1,59.32141052,2025-11-23 20h42.25.415404 +0530
8,8,5,13,135,7,16,7,6,7,6,1,[2.630718700005673],[2.630729499971494],16,7,135,7,941.0525075,,,,,,,,,941.0360619,941.0525075,941.5359889,941.5361103,941.5512778,942.9675622,7,6,942.9685168,942.9830623,944.1975335,944.1975335,944.1975335,944.2973827,946.9291454,7,6,1,[2.630718700005673],[2.630729499971494],941.5512778,,,,,,,,p5,1,2025-11-23_20h42.17.638,untitled,,2025.1.1,59.32141052,2025-11-23 20h42.25.415404 +0530
1,2,4,6,136,0,17,9,5,9,5,1,[4.512912400066853],[4.512927900068462],17,0,136,0,946.9459755,,,,,,,,,946.9297007,946.9459755,947.4301182,947.4302379,947.445886,948.8621322,9,5,948.8630813,948.878173,950.091663,950.091663,950.1249446,950.1915524,954.7056957,9,5,1,[4.512912400066853],[4.512927900068462],947.445886,,,,,,,,p5,1,2025-11-23_20h42.17.638,untitled,,2025.1.1,59.32141052,2025-11-23 20h42.25.415404 +0530
2,3,4,7,137,1,17,7,9,7,9,1,[3.1655918000033125],[3.165608700015582],17,1,137,1,954.72169,,,,,,,,,954.7061973,954.72169,955.2058694,955.2059937,955.2211606,956.6374308,7,9,956.6383756,956.6531256,957.8672727,957.8672727,957.9004806,957.9671407,961.1339686,7,9,1,[3.1655918000033125],[3.165608700015582],955.2211606,,,,,,,,p5,1,2025-11-23_20h42.17.638,untitled,,2025.1.1,59.32141052,2025-11-23 20h42.25.415404 +0530
3,5,4,9,138,2,17,1,2,1,2,1,[2.7642309999791905],[2.7642474999884143],17,2,138,2,961.1482941,,,,,,,,,961.1344565,961.1482941,961.6323573,961.6324765,961.648089,963.0652039,1,2,963.0661524,963.0804201,964.2944725,964.2944725,964.3275017,964.3941205,967.1595902,1,2,1,[2.7642309999791905],[2.7642474999884143],961.648089,,,,,,,,p5,1,2025-11-23_20h42.17.638,untitled,,2025.1.1,59.32141052,2025-11-23 20h42.25.415404 +0530
4,8,4,12,139,3,17,1,8,1,9,1,[3.4657965999795124],[3.465813099988736],17,3,139,3,967.1759704,,,,,,,,,967.1600922,967.1759704,967.6601073,967.6602393,967.6750669,969.0917327,1,8,969.0926788,969.1074569,970.3216386,970.3216386,970.3548509,970.4215901,973.8886223,1,9,1,[3.4657965999795124],[3.465813099988736],967.6750669,,,,,,,,p5,1,2025-11-23_20h42.17.638,untitled,,2025.1.1,59.32141052,2025-11-23 20h42.25.415404 +0530
5,2,5,7,140,4,17,7,1,1,7,1,[7.426430299994536],[7.426442799973302],17,4,140,4,973.9028301,,,,,,,,,973.889125,973.9028301,974.386631,974.3867483,974.402764,975.8181819,7,1,975.8191291,975.8337343,977.04827,977.04827,977.0811167,977.1482009,984.5756108,1,7,1,[7.426430299994536],[7.426442799973302],974.402764,,,,,,,,p5,1,2025-11-23_20h42.17.638,untitled,,2025.1.1,59.32141052,2025-11-23 20h42.25.415404 +0530
6,3,5,8,141,5,17,8,9,8,9,1,[4.2970881999935955],[4.297100099967793],17,5,141,5,984.5916296,,,,,,,,,984.5759822,984.5916296,985.0753548,985.0754615,985.0918592,986.5092177,8,9,986.5099944,986.5231331,987.7375468,987.7375468,987.7375468,987.8375047,992.1355994,8,9,1,[4.2970881999935955],[4.297100099967793],985.0918592,,,,,,,,p5,1,2025-11-23_20h42.17.638,untitled,,2025.1.1,59.32141052,2025-11-23 20h42.25.415404 +0530
7,5,5,10,142,6,17,1,2,1,2,1,[5.378174199955538],[5.378190799965523],17,6,142,6,992.1512075,,,,,,,,,992.1359925,992.1512075,992.6350105,992.6351226,992.6506379,994.0670536,1,2,994.067851,994.0831519,995.2971813,995.2971813,995.3302798,995.3969391,1000.776377,1,2,1,[5.378174199955538],[5.378190799965523],992.6506379,,,,,,,,p5,1,2025-11-23_20h42.17.638,untitled,,2025.1.1,59.32141052,2025-11-23 20h42.25.415404 +0530
8,8,5,13,143,7,17,1,7,1,7,1,[7.225830200011842],[7.225841199979186],17,7,143,7,1000.792304,,,,,,,,,1000.776889,1000.792304,1001.277302,1001.277421,1001.291946,1002.708558,1,7,1002.709507,1002.724633,1003.93827,1003.93827,1003.971235,1004.040001,1011.266876,1,7,1,[7.225830200011842],[7.225841199979186],1001.291946,,,,,,,,p5,1,2025-11-23_20h42.17.638,untitled,,2025.1.1,59.32141052,2025-11-23 20h42.25.415404 +0530
1,2,4,6,144,0,18,7,3,7,3,1,[3.039339100010693],[3.039351399987936],18,0,144,0,1011.282096,,,,,,,,,1011.267309,1011.282096,1011.766351,1011.766452,1011.782128,1013.202333,7,3,1013.203657,1013.213606,1014.42802,1014.42802,1014.463919,1014.528223,1017.568629,7,3,1,[3.039339100010693],[3.039351399987936],1011.782128,,,,,,,,p5,1,2025-11-23_20h42.17.638,untitled,,2025.1.1,59.32141052,2025-11-23 20h42.25.415404 +0530
2,3,4,7,145,1,18,3,8,3,8,1,[6.012116999947466],[6.012127700028941],18,1,145,1,1017.591475,,,,,,,,,1017.569027,1017.591475,1018.075852,1018.075976,1018.09215,1019.49186,3,8,1019.492643,1019.507623,1020.721822,1020.721822,1020.755037,1020.8215,1026.834609,3,8,1,[6.012116999947466],[6.012127700028941],,,,,,,,,p5,1,2025-11-23_20h42.17.638,untitled,,2025.1.1,59.32141052,2025-11-23 20h42.25.415404 +0530
3,5,4,9,146,2,18,4,6,4,6,1,[3.347168599953875],[3.347179099917412],18,2,146,2,1026.850062,,,,,,,,,1026.834978,1026.850062,1027.333942,1027.334045,1027.349426,1028.765739,4,6,1028.766542,1028.781538,1029.995825,1029.995825,1030.028954,1030.095748,1033.443918,4,6,1,[3.347168599953875],[3.347179099917412],1027.349426,,,,,,,,p5,1,2025-11-23_20h42.17.638,untitled,,2025.1.1,59.32141052,2025-11-23 20h42.25.415404 +0530
4,8,4,12,147,3,18,8,8,8,8,1,[6.494037099997513],[6.494049599976279],18,3,147,3,1033.459934,,,,,,,,,1033.444304,1033.459934,1033.943829,1033.943932,1033.95926,1035.375799,8,8,1035.376591,1035.391682,1036.605547,1036.605547,1036.639361,1036.705787,1043.200877,8,8,1,[6.494037099997513],[6.494049599976279],1033.95926,,,,,,,,p5,1,2025-11-23_20h42.17.638,untitled,,2025.1.1,59.32141052,2025-11-23 20h42.25.415404 +0530
5,2,5,7,148,4,18,7,1,2,9,1,[3.08140020002611],[3.0814169000368565],18,4,148,4,1043.217133,,,,,,,,,1043.201273,1043.217133,1043.701375,1043.70148,1043.716682,1045.132523,7,1,1045.133359,1045.148551,1046.362356,1046.362356,1046.362356,1046.462753,1049.545494,2,9,1,[3.08140020002611],[3.0814169000368565],1043.716682,,,,,,,,p5,1,2025-11-23_20h42.17.638,untitled,,2025.1.1,59.32141052,2025-11-23 20h42.25.415404 +0530
6,3,5,8,149,5,18,1,6,1,6,1,[3.2162818999495357],[3.2162921000272036],18,5,149,5,1049.560557,,,,,,,,,1049.545985,1049.560557,1050.044955,1050.045074,1050.060784,1051.477528,1,6,1051.478474,1051.492248,1052.706513,1052.706513,1052.739792,1052.806955,1056.024269,1,6,1,[3.2162818999495357],[3.2162921000272036],1050.060784,,,,,,,,p5,1,2025-11-23_20h42.17.638,untitled,,2025.1.1,59.32141052,2025-11-23 20h42.25.415404 +0530
7,5,5,10,150,6,18,7,5,7,5,1,[4.64710009994451],[4.647116299951449],18,6,150,6,1056.037107,,,,,,,,,1056.024628,1056.037107,1056.522396,1056.522514,1056.537266,1057.952883,7,5,1057.953644,1057.968727,1059.167016,1059.167016,1059.200781,1059.29994,1063.94837,7,5,1,[4.64710009994451],[4.647116299951449],1056.537266,,,,,,,,p5,1,2025-11-23_20h42.17.638,untitled,,2025.1.1,59.32141052,2025-11-23 20h42.25.415404 +0530
8,8,5,13,151,7,18,6,1,6,1,1,[7.110380899976008],[7.1103973999852315],18,7,151,7,1063.963417,,,,,,,,,1063.948865,1063.963417,1064.447423,1064.447557,1064.462753,1065.879023,6,1,1065.87997,1065.894821,1067.108934,1067.108934,1067.142217,1067.208728,1074.320456,6,1,1,[7.110380899976008],[7.1103973999852315],1064.462753,,,,,,,,p5,1,2025-11-23_20h42.17.638,untitled,,2025.1.1,59.32141052,2025-11-23 20h42.25.415404 +0530
1,2,4,6,152,0,19,5,3,5,7,1,[4.363378399983048],[4.36339649988804],19,0,152,0,1074.335804,,,,,,,,,1074.320956,1074.335804,1074.820569,1074.820688,1074.835811,1076.252168,5,3,1076.253118,1076.267732,1077.481907,1077.481907,1077.481907,1077.581244,1081.945983,5,7,1,[4.363378399983048],[4.36339649988804],1074.835811,,,,,,,,p5,1,2025-11-23_20h42.17.638,untitled,,2025.1.1,59.32141052,2025-11-23 20h42.25.415404 +0530
2,3,4,7,153,1,19,9,9,9,9,1,[2.814559799968265],[2.8145706999348477],19,1,153,1,1081.961778,,,,,,,,,1081.946486,1081.961778,1082.44625,1082.446369,1082.461681,1083.877612,9,9,1083.878564,1083.893213,1085.107719,1085.107719,1085.107719,1085.20754,1088.023158,9,9,1,[2.814559799968265],[2.8145706999348477],1082.461681,,,,,,,,p5,1,2025-11-23_20h42.17.638,untitled,,2025.1.1,59.32141052,2025-11-23 20h42.25.415404 +0530
3,5,4,9,154,2,19,4,2,4,2,1,[3.331086700083688],[3.3311027999734506],19,2,154,2,1088.039086,,,,,,,,,1088.023535,1088.039086,1088.523403,1088.523523,1088.538853,1089.955823,4,2,1089.956769,1089.971502,1091.18469,1091.18469,1091.217675,1091.284493,1094.616979,4,2,1,[3.331086700083688],[3.3311027999734506],1088.538853,,,,,,,,p5,1,2025-11-23_20h42.17.638,untitled,,2025.1.1,59.32141052,2025-11-23 20h42.25.415404 +0530
4,8,4,12,155,3,19,8,1,8,1,1,[3.614203199977055],[3.6142195999855176],19,3,155,3,1094.632516,,,,,,,,,1094.617477,1094.632516,1095.11716,1095.117281,1095.132333,1096.548909,8,1,1096.549857,1096.564234,1097.778468,1097.778468,1097.811675,1097.877973,1101.493544,8,1,1,[3.614203199977055],[3.6142195999855176],1095.132333,,,,,,,,p5,1,2025-11-23_20h42.17.638,untitled,,2025.1.1,59.32141052,2025-11-23 20h42.25.415404 +0530
5,2,5,7,156,4,19,2,7,2,5,1,[3.7974616999272257],[3.797478999942541],19,4,156,4,1101.509157,,,,,,,,,1101.494044,1101.509157,1101.993583,1101.993705,1102.00881,1103.424898,2,7,1103.425842,1103.441291,1104.654992,1104.654992,1104.687627,1104.754307,1108.553135,2,5,1,[3.7974616999272257],[3.797478999942541],1102.00881,,,,,,,,p5,1,2025-11-23_20h42.17.638,untitled,,2025.1.1,59.32141052,2025-11-23 20h42.25.415404 +0530
6,3,5,8,157,5,19,1,4,1,4,1,[3.2984821000136435],[3.298497900017537],19,5,157,5,1108.56901,,,,,,,,,1108.553631,1108.56901,1109.052739,1109.052858,1109.068922,1110.485558,1,4,1110.486528,1110.500407,1111.714644,1111.714644,1111.747941,1111.814471,1115.114309,1,4,1,[3.2984821000136435],[3.298497900017537],1109.068922,,,,,,,,p5,1,2025-11-23_20h42.17.638,untitled,,2025.1.1,59.32141052,2025-11-23 20h42.25.415404 +0530
7,5,5,10,158,6,19,9,6,9,6,1,[3.231568199931644],[3.2315850999439135],19,6,158,6,1115.129278,,,,,,,,,1115.114828,1115.129278,1115.612935,1115.613055,1115.628988,1117.045776,9,6,1117.046725,1117.060275,1118.274777,1118.274777,1118.274777,1118.374656,1121.6076,9,6,1,[3.231568199931644],[3.2315850999439135],1115.628988,,,,,,,,p5,1,2025-11-23_20h42.17.638,untitled,,2025.1.1,59.32141052,2025-11-23 20h42.25.415404 +0530
8,8,5,13,159,7,19,1,3,1,3,1,[3.697034499957226],[3.6970506999641657],19,7,159,7,1121.622796,,,,,,,,,1121.608087,1121.622796,1122.10692,1122.107054,1122.122376,1123.53842,1,3,1123.539365,1123.554134,1124.768482,1124.768482,1124.801685,1124.868201,1128.566616,1,3,1,[3.697034499957226],[3.6970506999641657],1122.122376,,,,,,,,p5,1,2025-11-23_20h42.17.638,untitled,,2025.1.1,59.32141052,2025-11-23 20h42.25.415404 +0530
,,,,,,,,,,,,,,,,,,,,,,,,,,,,,,,,,,,,,,,,,,,,,,,,1128.567014,1128.582653,1128.582653,1131.879868,space,3.2865922,None,p5,1,2025-11-23_20h42.17.638,untitled,,2025.1.1,59.32141052,2025-11-23 20h42.25.415404 +0530
